place_id,name,address,category,rating,first_seen,location
ChIJhd3BQEmxbTkRklY1_w4_Qfk,Govindam Retreat,"First Floor, All Rajasthan Shilp Gram Udyog, Rajamal Ka Talab Rd, near Govind Dev Ji Temple, above All Rajasthan Shilp Gram Udyog, Gangori Bazaar, Brahampuri, Kanwar Nagar, Jaipur, Rajasthan 302002, India",Restaurant,4.4,2026-06-08 13:55,Jaipur Rajasthan
ChIJOVIF1Ae0bTkRg3MHB2cyUzM,Peacock Restaurant,"51, Hathroi Fort, Hari Kishan Somani Marg, near Native Cocktail bar, Ajmer Rd, Rajasthan 302001, India",North Indian restaurant,4.4,2026-06-08 13:55,Jaipur Rajasthan
ChIJ0RfdzAK0bTkRIyPIfI-iC7s,Suvarna Mahal,"RAMBAGH PALACE, Bhawani Singh Rd, Rambagh, Jaipur, Rajasthan 302015, India",North Indian restaurant,4.7,2026-06-08 13:55,Jaipur Rajasthan
ChIJq-hS0ge0bTkR0t1j7jAFLRE,Kalyan Restaurant & Bar,"59 Hathroi Fort Hari Kishan Somani Marg, Ajmer Rd, near Vidhayakpuri Police Station, Jaipur, Rajasthan 302001, India",Restaurant,4.5,2026-06-08 13:55,Jaipur Rajasthan
ChIJ5-vZ4RC0bTkRWCbn8KM5MZM,Monarch Restaurant,"Holiday Inn, Sardar Patel Marg, Shivaji Nagar, Bais Godam, Jaipur, Rajasthan 302001, India",Indian restaurant,4.5,2026-06-08 13:55,Jaipur Rajasthan
ChIJQzuEigK0bTkRnCgFaNHJOiU,Thali And More,"1st floor plot no, C 46, Sarojini Marg, C Scheme, Ashok Nagar, Jaipur, Rajasthan 302001, India",North Indian restaurant,4.4,2026-06-08 13:55,Jaipur Rajasthan
ChIJZUcetEmxbTkRvMs924QeR94,Hawk View Restaurant & Bar,"76, Raja Mal Ka Talab, behind Kale Hanuman Ji Temple, Chandi Ki Taksal, J.D.A. Market, Pink City, Jaipur, Rajasthan 302002, India",Biryani restaurant,4.3,2026-06-08 13:55,Jaipur Rajasthan
ChIJTZ9GZeG1bTkRjwWOpO2l29Q,Spice Court,"Jacob Rd, Mysore House/Achrol House Colony, Madrampur, Civil Lines, Jaipur, Rajasthan 302006, India",Indian restaurant,4.2,2026-06-08 13:55,Jaipur Rajasthan
ChIJl27kVN-1bTkR0smwHHQHVR0,Skyfall Restaurant,"5th Floor, Ridhi Tower, SB 57, Tonk Rd, opposite Sawai Mansingh Stadium, Bapu Nagar, Jaipur, Rajasthan 302015, India",Restaurant,4.3,2026-06-08 13:55,Jaipur Rajasthan
ChIJERP0VLG2bTkRrVzfUlilTMg,Handi restaurant jaipur,"Mirza Ismail Rd, opp. GPO, C Scheme, Ashok Nagar, Jaipur, Rajasthan 302001, India",Restaurant,4.1,2026-06-08 13:55,Jaipur Rajasthan
ChIJ14Rijwa0bTkRrR4f8zPo_CI,Jaipur Modern - Store & Kitchen,"51, Dhuleshwar Garden, Sardar Patel Marg, near Kotak Bank, C Scheme, Jaipur, Rajasthan 302001, India",Continental restaurant,4.4,2026-06-08 13:55,Jaipur Rajasthan
ChIJT3MOnV20bTkRyuRHXFTBYOs,The Eclectica Cafe & Restaurant,"F-1B, New Sanganer Rd, opposite Metro Pillar 100, Shyam Nagar, Jaipur, Rajasthan 302019, India",Vegetarian restaurant,4,2026-06-08 13:55,Jaipur Rajasthan
ChIJt6MuCPezbTkROAcfvKk6EpU,The Forresta Kitchen & Bar,"Devraj Niwas, Mirza Ismail Rd, near Shri Amarapur Setu, Bani Park, Jaipur, Rajasthan 302006, India",Brewpub,4.2,2026-06-08 13:55,Jaipur Rajasthan
ChIJv2UuYfizbTkRK-fmlwPlKOs,Topaz & Sangria,"Hotel Natraj, Ganpati Plaza, Motilal Atal Rd, Jaipur, Rajasthan 302001, India",North Indian restaurant,4.6,2026-06-08 13:55,Jaipur Rajasthan
ChIJF2p4XHTJbTkRKyRQfp2o8Bc,House of Han,"InterContinental, Tonk Rd, Tonk Road, Sitapura Industrial Area, Sitapura, Jaipur, Rajasthan 302022, India",Chinese restaurant,4.5,2026-06-08 13:55,Jaipur Rajasthan
ChIJ6YmcEQq1bTkR34kfLFAlgIk,Annpoornam - Best South Indian Restaurant In Jaipur,"Ground Floor, Moondra Tower, Plot No 012A, Ashok Marg, near Ahinsa Circle, Patrakar Colony, C Scheme, Ashok Nagar, Jaipur, Rajasthan 302001, India",South Indian restaurant,4.5,2026-06-08 13:55,Jaipur Rajasthan
ChIJr6wHJgy0bTkRWlnPE7es48Y,Marble Arch,"JAI MAHAL PALACE, Jacob Rd, near Science Park, Civil Lines, Jaipur, Rajasthan 302006, India",North Indian restaurant,4.6,2026-06-08 13:55,Jaipur Rajasthan
ChIJCzu_tPa1bTkRJkZd9igi0IE,Rustic - Inspired Kitchen,"G-3, Ground Floor, UKMS, AURUM, Tilak Marg, near CBI office, C Scheme, Ashok Nagar, Jaipur, Rajasthan 302005, India",North Indian restaurant,4.8,2026-06-08 13:55,Jaipur Rajasthan
ChIJX4ca8fezbTkRGxmWlwmZ2FQ,Dragon House,"Mirza Ismail Rd, Khasa, Kothi Circle, Jaipur, Rajasthan 302001, India",Chinese restaurant,4.4,2026-06-08 13:55,Jaipur Rajasthan
ChIJXRlMFgy0bTkRW4M1mjb-pJc,Giardino,"Ground Floor, Jacob Rd, near Bharat peroleum, Civil Lines, Jaipur, Rajasthan 302006, India",Italian restaurant,4.6,2026-06-08 13:55,Jaipur Rajasthan
ChIJCdQTjvGzbTkRsqeE7EgeijM,Rajasthani Thali Dal Bati Churma,"Gayatri Sadan, AC-4, Sawai Jai Singh Hwy, near Collectorate Circle, Bani Park, Jaipur, Rajasthan 302028, India",Rajasthani restaurant,4.3,2026-06-08 13:55,Jaipur Rajasthan
ChIJE_whhgu0bTkRCdE1GKpE8Zc,Meraaki Kitchen,"Near Civil Lines Metro Station Piller No. 88, 27, Ajmer Rd, Madrampur, Jaipur, Rajasthan 302006, India",Indian restaurant,4.3,2026-06-08 13:55,Jaipur Rajasthan
ChIJWVJSCbOxbTkRPRUWGDirEmI,1135 AD,"Amber Palace, 1135 AD, Jaleb Chowk, Devisinghpura, Jaipur, Rajasthan 302028, India",Fine dining restaurant,4.3,2026-06-08 13:55,Jaipur Rajasthan
ChIJbdOLmwW0bTkRR8rR9Dxa6uA,Chao Chinese Bistro,"Holiday Inn, Sardar Patel Marg, Shivaji Nagar, Bais Godam, Jaipur, Rajasthan 302001, India",Chinese restaurant,4.5,2026-06-08 13:55,Jaipur Rajasthan
ChIJO-MTKTy3bTkRSl7cYKa0gK0,Tapri Central,"Rooftop B4-E, Prithviraj Rd, opposite Surana Jewelers, opposite Central Park Gate, C Scheme, Ashok Nagar, Jaipur, Rajasthan 302001, India",Tea house,4.5,2026-06-08 13:55,Jaipur Rajasthan
ChIJOVFzTnW1bTkREtyCQydsj9M,Jeypore Cafe and Restaurant Vaishali Nagar,"D-4, Vaishali Marg, near Crossland Hyundai, D - Block, Vaishali Nagar, Jaipur, Rajasthan 302021, India",North Indian restaurant,4.8,2026-06-08 13:55,Jaipur Rajasthan
ChIJhXebGBe0bTkRkE8j1hFdOAQ,Café Bae,"A/1, 21, Sahkar Marg, Circle, near 22 Godown, C Scheme, Jaipur, Rajasthan 302006, India",Restaurant,4.4,2026-06-08 13:55,Jaipur Rajasthan
ChIJzTF6keW1bTkRO97Kla4mFGQ,Okra,"Near, Ashram Marg, Jawahar Circle, Jaipur, Rajasthan 302015, India",North Indian restaurant,4.3,2026-06-08 13:55,Jaipur Rajasthan
ChIJX2qJV0yxbTkRbzau5wY5XRI,Baradari Restaurant & Bar,"Gate No 2, Jaleb Chowk, near, City palace Rd, Gangori Bazaar, J.D.A. Market, Pink City, Jaipur, Rajasthan 302002, India",Bar & grill,4,2026-06-08 13:55,Jaipur Rajasthan
ChIJzxpcTUK3bTkR_0uU7Jv-uFI,Ratnika - A Vegetarian Restaurant,"Ratnawali - A Vegetarian Heritage Hotel, B-12, Mirza Ismail Rd, near Paanch Batti, Jayanti Market, New Colony, Jaipur, Rajasthan 302001, India",Indian restaurant,4.7,2026-06-08 13:55,Jaipur Rajasthan
ChIJJer-dRexbTkRZQSxPy0uOug,Royal Recipes Restaurant,"Royal recipes, Amer Rd, Parasrampuri, Jaipur, Rajasthan 302002, India",North Indian restaurant,4.4,2026-06-08 13:55,Jaipur Rajasthan
ChIJV07Ec6u2bTkRWoh9GtRm5F0,Niros Restaurant,"Shop No 73, Sharma building, 319, Mirza Ismail Rd, Panch Batti, C Scheme, New Colony, Jaipur, Rajasthan 302001, India",Non vegetarian restaurant,4.1,2026-06-08 13:55,Jaipur Rajasthan
ChIJBxXvR2CxbTkRtbN86JlW8_U,Kesar Restaurant,"Kala Hanuman Rd, near Teja Ji Temple, opp. Jalmahal, Ramgarhmode, Parasrampuri, Jaipur, Rajasthan 302002, India",Indian restaurant,4.6,2026-06-08 13:55,Jaipur Rajasthan
ChIJn1O9jJ-2bTkRNuPn5Bo4J1s,Steam,"Bhawani Singh Rd, Rambagh, Jaipur, Rajasthan 302015, India",Restaurant,4.5,2026-06-08 13:55,Jaipur Rajasthan
ChIJbxieMqq2bTkRmPx7za-J1q8,THE ROBOT RESTAURANT JAIPUR - THE YELLOW HOUSE | Best Chinese and Indian Restaurant In Jaipur,"next to Raj Mandir Cinema, Panch Batti, C Scheme, Ashok Nagar, Jaipur, Rajasthan 302001, India",North Indian restaurant,3.7,2026-06-08 13:55,Jaipur Rajasthan
ChIJm5d8BQCxbTkRij5I1TJxX1o,RajRasa,"S-20,21, Nagar Nigam Colony, Amer Rd, Santosh Sagar Colony, Krishna Nagar, Brahampuri, Jaipur, Rajasthan 302002, India",Indian restaurant,4.7,2026-06-08 13:55,Jaipur Rajasthan
ChIJdaduoPG1bTkR-9sn6kY-1nk,Jaipur Restaurant,"VQG8+2G5, Shanthi Nagar B, Gujar Ki Thadi, Shanthi Nagar, Mansarovar, Jaipur, Rajasthan 302019, India",Vegetarian restaurant,4.8,2026-06-08 13:55,Jaipur Rajasthan
ChIJCUOvP6y2bTkR5SemZjD5woY,The Grill Restaurant ( Legacy of Savoy Jaipur continues),"Hotel Savoy, Mirza Ismail Rd, Sangram Colony, Ashok Nagar, Jaipur, Rajasthan 302001, India",Restaurant,4.4,2026-06-08 13:55,Jaipur Rajasthan
ChIJJawEXSO1bTkR_7Dpjn8GYXs,LASA Bistro | Pure Veg Restaurant in Jaipur,"E - 8 /9, North Part, Ram Path Shyam Nagar New Sanganer Road Metro Pillar no. 96-97, Jaipur, Rajasthan 302019, India",Vegetarian restaurant,4.2,2026-06-08 13:55,Jaipur Rajasthan
ChIJoyBObfeMQTkRZlQphWHkx-w,Hanwant Mahal,"72GV+RPC, Cantt Area, Jodhpur, Rajasthan 342011, India",Restaurant,4.6,2026-06-08 13:55,Jodhpur Rajasthan
ChIJ40M8ge-NQTkRprOySef_tc8,The Flamingo,"The Flamingo 4th Floor, Plot No.4 G K Tower, Gaurav Path, Ratanada Cir, Jodhpur, Rajasthan 342002, India",Non vegetarian restaurant,4.6,2026-06-08 13:55,Jodhpur Rajasthan
ChIJVVa2p1OLQTkRfpdUNjkcvbk,NH RESTAURANT JODHPUR,"Gokul Market, Sangariya Bypass Rd, opposite Pasvnath city, Basni, Jodhpur, Rajasthan 342013, India",Family restaurant,4.9,2026-06-08 13:55,Jodhpur Rajasthan
ChIJnRa5X1aMQTkRrHhYGR-32QQ,On The Rocks,"Circuit House Rd, near Ajit Bhawan, Ajit Colony, Jodhpur, Rajasthan 342006, India",Asian fusion restaurant,4.2,2026-06-08 13:55,Jodhpur Rajasthan
ChIJUVxHLbeNQTkRAm3Yw3z2EHw,Indique Restaurant & Bar,"Pal Haveli, near Clock Tower Road, Pal Haveli, Ghantaghar, Gulab Sagar, Jodhpur, Rajasthan 342001, India",Continental restaurant,4.3,2026-06-08 13:55,Jodhpur Rajasthan
ChIJPz4DRLeNQTkR1cKPQTtZjjA,Indigo Restaurant,"72XC+2PP, Roof Top Gouri Haveli, Laykan Mohalla, Gulab Sagar, Jodhpur, Rajasthan 342001, India",North Indian restaurant,4.6,2026-06-08 13:55,Jodhpur Rajasthan
ChIJicZ1y5SNQTkRic8b0ehmK-c,Chimney RJ-19 Restaurant,"Saloon House, 48, Umed Club Rd, Ajit Colony, Jodhpur, Rajasthan 342001, India",Rajasthani restaurant,4.8,2026-06-08 13:55,Jodhpur Rajasthan
ChIJUYaCLreNQTkRDNyNGKk2YMU,Gopal Roof Top Restaurant ( Rajsthani Cuisine & Lal Maas ),"Makrana Mohalla, near Mehrangarh Fort, Sodagaran Mohalla, Jodhpur, Rajasthan 342001, India",Rajasthani restaurant,4.6,2026-06-08 13:55,Jodhpur Rajasthan
ChIJ0yl9QtiNQTkRq2MBvDKcg4Y,O High Jodhpur,"Ashoka Plaza, 34-A, Pal Rd, in front of Ashok Udyan, Keshavnagar, Jodhpur, Rajasthan 342008, India",North Indian restaurant,4.8,2026-06-08 13:55,Jodhpur Rajasthan
ChIJyUjxqguNQTkRnkuwu5kt2DE,The Olive Court,"Airport Rd, near Jeet Apartment, Ratanada, Jodhpur, Rajasthan 342011, India",North Indian restaurant,4.7,2026-06-08 13:55,Jodhpur Rajasthan
ChIJ-epkdjCMQTkRacjCGVprfCw,Hari Vedas' Jodhpur,"Plot No, 672, 11th C Rd, Above Manyavar, Sardarpura, Jodhpur, Rajasthan 342003, India",Restaurant,4.2,2026-06-08 13:55,Jodhpur Rajasthan
ChIJ29yqABGNQTkRyHCAlDeDRLo,THE SPICE STORY II BEST VEGETARIAN FAMILY RESTAURANT II FINE DINE & ROOFTOP,"3rd Floor, Plot No. 3 , East Patel Nagar, Circuit House Rd, Ratanada, Jodhpur, Rajasthan 342011, India",Vegetarian restaurant,4.7,2026-06-08 13:55,Jodhpur Rajasthan
ChIJa0smbf-JQTkR_bxWJQmpB6c,House of Arches,"Surya nagri dharm kata, bye pas road, Mansarover Colony, Pal, Jodhpur, Rajasthan 342014, India",North Indian restaurant,4.7,2026-06-08 13:55,Jodhpur Rajasthan
ChIJ00hecUuMQTkRqxiznbL5ubg,Kalinga Restaurant,"Near, Station Rd, Ratanada, Jodhpur, Rajasthan 342001, India",North Indian restaurant,4.2,2026-06-08 13:55,Jodhpur Rajasthan
ChIJR5sN5CuNQTkRNr8_1FACKsg,Gypsy Vegetarian Restaurant,"P No, 689, 9th C Rd, Sardarpura, Jodhpur, Rajasthan 342003, India",Vegetarian restaurant,4,2026-06-08 13:55,Jodhpur Rajasthan
ChIJUwdI4J-LQTkRqka5BxnwnSQ,The Grand Turf Pure Vegetarian Family Restaurant,"At Suraj Gardens, Near India Bulls Mall, Pali Highway, Jodhpur, Rajasthan 342001, India",Vegetarian restaurant,4.5,2026-06-08 13:55,Jodhpur Rajasthan
ChIJjRvj6ZuNQTkRtD5YAvknBII,Unaavu,"12, Krishna Nagar, Defence Lab Rd, near 5 Batti Circle, Ratanada, Jodhpur, Rajasthan 342011, India",South Indian restaurant,4.6,2026-06-08 13:55,Jodhpur Rajasthan
ChIJ29-dKkeNQTkRXo5CaICXTMk,Vegetrainian - The Train Restaurant,"Plot No. 1A, Residency Rd, opp. Polytechnic College, P.W.D Colony, Jodhpur, Rajasthan 342003, India",North Indian restaurant,4.3,2026-06-08 13:55,Jodhpur Rajasthan
ChIJV6txBjCMQTkRcsPC1bTiEZs,Tamarind Restaurant Jodhpur,"Residency Rd, near Axis Bank - Jodhpur Branch, Jaljog Chouraha, Sardarpura, Jodhpur, Rajasthan 342003, India",Restaurant,4.1,2026-06-08 13:55,Jodhpur Rajasthan
ChIJld8EDqaNQTkRtIBukUG8DL4,Baari restaurant,"Fort Rd, near ship house, Paota, Jodhpur, Rajasthan 342006, India",Indian restaurant,4.6,2026-06-08 13:55,Jodhpur Rajasthan
ChIJ08YMIjiJQTkRra2rJ1_ZnY4,Kasturi Flavours Restaurant - Jodhpur,"Hotel Kasturi Orchid, Pal Rd, Jodhpur, Rajasthan 342014, India",Vegetarian restaurant,4.7,2026-06-08 13:55,Jodhpur Rajasthan
ChIJgQAeDsKNQTkRmYd-K6DKwsw,Maverick Jodhpur,"Hotel Residency Palace, near Senapati Bhawan, Ratanada, Jodhpur, Rajasthan 342011, India",Vegetarian restaurant,4.6,2026-06-08 13:55,Jodhpur Rajasthan
ChIJzcCh3kaMQTkRUeeIK1ESVH0,Rigveda’ Jodhpur,"Ground Floor, 117 Hamir Tower, PWD Rd, P.W.D Colony, Jodhpur, Rajasthan 342003, India",Vegetarian restaurant,4.4,2026-06-08 13:55,Jodhpur Rajasthan
ChIJsV05ZLqNQTkRCpE7b2l2NPs,Blue Bird Cafe & Restaurant,"Hostel Vostel, Fort Rd, Killi Khana, Makrana mohalla, Sodagaran Mohalla, Jodhpur, Rajasthan 342001, India",Restaurant,4.7,2026-06-08 13:55,Jodhpur Rajasthan
ChIJJydS-LCNQTkRZKMspQ1ovMU,The Hoot at Royal Marwar Club,"The Hoot Foot Hill of Umaid Bhawan, Jodhpur, Rajasthan 342001, India",Vegetarian restaurant,4.1,2026-06-08 13:55,Jodhpur Rajasthan
ChIJdyRYUGmLQTkR-ZH3V3glk5g,Maa Ki Dhani (माँ की ढाणी),"near Union Bank, Saraswati Nagar, Basni, Jodhpur, Rajasthan 342001, India",Restaurant,4.7,2026-06-08 13:55,Jodhpur Rajasthan
ChIJfZ5gHL-NQTkR2XazI9Gjeu8,Bazar-All Day Dining Restaurant,"Shakun motor, Jawahar tower, 29, 2nd A Rd, Sector-H, Shastri Nagar, Jodhpur, Rajasthan 342003, India",Restaurant,4.4,2026-06-08 13:55,Jodhpur Rajasthan
ChIJja0W_buNQTkRBAqsCfSeKbk,Jaaton Ri Dhani Restaurant (जाटों री ढाणी रेस्टोरेंट),"Near SBI ATM, Tilak Nagar 2nd, Main, Bhadwasiya RTO Link Rd, Jodhpur, Rajasthan 342007, India",North Indian restaurant,4.5,2026-06-08 13:55,Jodhpur Rajasthan
ChIJ10kqHt6NQTkR9C0BW30-HDs,Bungalow 12,"12A, old, Residency Rd, Civil Lines, Ratanada, Jodhpur, Rajasthan 342001, India",Vegetarian restaurant,4.4,2026-06-08 13:55,Jodhpur Rajasthan
ChIJp7XNiXONQTkRY7nyqsxvHnk,Anna Cafe And Restaurant‍ Jodhpur,"Umaid chowk, Golnadi bajarang colony, near Hotel Bawarri haveli, Jodhpur, Rajasthan 342001, India",Indian restaurant,4.9,2026-06-08 13:55,Jodhpur Rajasthan
ChIJLbuDUgaNQTkRsZGliSxgaK8,The Spice Route Restaurant,"Paota, Jodhpur, Rajasthan 342006, India",Restaurant,4.3,2026-06-08 13:55,Jodhpur Rajasthan
ChIJHb-4mFaNQTkR0LXTOoNP9SU,"Kake di Hatti - Family Restaurant, Jodhpur","1st floor, 580/C, 9th C Rd, Sardarpura, Jodhpur, Rajasthan 342001, India",North Indian restaurant,4.2,2026-06-08 13:55,Jodhpur Rajasthan
ChIJkR_Pl8eNQTkRCrLIZufPPFs,Jodhpur 1459 AD,"Mehrangarh Ft Rd, near Raoti Palace Road, Jodhpur, Rajasthan 342001, India",Fine dining restaurant,4.7,2026-06-08 13:55,Jodhpur Rajasthan
ChIJz8I61e-NQTkRN7CMQwjVZOc,Nutrieat- Healthy-food-in-jodhpur,"673D, 10th C Rd, near nutrieat, Ahead Chandroli House, Sardarpura, Jodhpur, Rajasthan 342003, India",Cafe,4.8,2026-06-08 13:55,Jodhpur Rajasthan
ChIJlwpQOAWNQTkRfvy-lS8Dzsc,Ricotta,"nr. Ganesh Lal HP Petrol Pump, Opp. Medical College, Sindhi Colony, Sector-E, Shastri Nagar, Jodhpur, Rajasthan 342003, India",Italian restaurant,4.7,2026-06-08 13:55,Jodhpur Rajasthan
ChIJY3ujX7aNQTkRz1gmZLHY-nw,Vijay Restaurant,"Bazar, 1st Floor, Main Chowk, Katla, Jodhpur, Rajasthan 342001, India",Rajasthani restaurant,4.1,2026-06-08 13:55,Jodhpur Rajasthan
ChIJ1ctyx8KPQTkR4hGStVyq_ns,THE ROYAL MADRASI RESTRO,"THE ROYAL MADRASI RESTRO, Hari nagar, near BR Birla School, Jhanwar Rd, Jodhpur, Rajasthan 342014, India",South Indian restaurant,4.4,2026-06-08 13:55,Jodhpur Rajasthan
ChIJ4SmNZgKLQTkR3IdaIV7U4j0,The Irish Courtyard,"1st, High Court Colony, Pandit Shree Radha Krishna, shrimali marg, Ratanada, Jodhpur, Rajasthan 342011, India",Irish restaurant,4.4,2026-06-08 13:55,Jodhpur Rajasthan
ChIJ51MDDn6LQTkRSMEytxewN_4,Haldi Restaurant & Banquet Hall,"Dauji Hotel Tiraha, Before Basni Flyover, AIIMS Rd, Basni, Jodhpur, Rajasthan 342011, India",North Indian restaurant,4.4,2026-06-08 13:55,Jodhpur Rajasthan
